"year","average"
1920,48.8916666666667
1921,50.7333333333333
1922,47.275
1923,47.8166666666667
1924,48.725
1925,48.4583333333333
1926,49.3666666666667
1927,48.3666666666667
1928,48.9916666666667
1929,48.1333333333333
1930,49.15
1931,48.1333333333333
1932,49.0166666666667
1933,50.1916666666667
1934,50.3166666666667
1935,49.8583333333333
1936,48.6
1937,49.1
1938,50.275
1939,49.3916666666667
